sample_name,temperature_C,mass_percent,source_file,source_dataset_doi
FFP,25.221,100.0,2_FFP_TGA.csv,10.5258/SOTON/D2004
FFP,26.221,98.29151,2_FFP_TGA.csv,10.5258/SOTON/D2004
FFP,27.221,97.97762,2_FFP_TGA.csv,10.5258/SOTON/D2004
FFP,28.221,97.83876,2_FFP_TGA.csv,10.5258/SOTON/D2004
FFP,29.221,97.75966,2_FFP_TGA.csv,10.5258/SOTON/D2004
FFP,30.221,97.69902,2_FFP_TGA.csv,10.5258/SOTON/D2004
FFP,31.221,97.63287,2_FFP_TGA.csv,10.5258/SOTON/D2004
FFP,32.221,97.57346,2_FFP_TGA.csv,10.5258/SOTON/D2004
FFP,33.221,97.51102,2_FFP_TGA.csv,10.5258/SOTON/D2004
FFP,34.221,97.43858,2_FFP_TGA.csv,10.5258/SOTON/D2004
FFP,35.221,97.37167,2_FFP_TGA.csv,10.5258/SOTON/D2004
FFP,36.221,97.29979,2_FFP_TGA.csv,10.5258/SOTON/D2004
FFP,37.221,97.22318,2_FFP_TGA.csv,10.5258/SOTON/D2004
FFP,38.221,97.13926,2_FFP_TGA.csv,10.5258/SOTON/D2004
FFP,39.221,97.04975,2_FFP_TGA.csv,10.5258/SOTON/D2004
FFP,40.221,96.96497,2_FFP_TGA.csv,10.5258/SOTON/D2004
FFP,41.221,96.87352,2_FFP_TGA.csv,10.5258/SOTON/D2004
FFP,42.221,96.76772,2_FFP_TGA.csv,10.5258/SOTON/D2004
FFP,43.221,96.66868,2_FFP_TGA.csv,10.5258/SOTON/D2004
FFP,44.221,96.55751,2_FFP_TGA.csv,10.5258/SOTON/D2004
FFP,45.221,96.4371,2_FFP_TGA.csv,10.5258/SOTON/D2004
FFP,46.221,96.3024,2_FFP_TGA.csv,10.5258/SOTON/D2004
FFP,47.221,96.16539,2_FFP_TGA.csv,10.5258/SOTON/D2004
FFP,48.221,96.02833,2_FFP_TGA.csv,10.5258/SOTON/D2004
FFP,49.221,95.88111,2_FFP_TGA.csv,10.5258/SOTON/D2004
FFP,50.221,95.72789,2_FFP_TGA.csv,10.5258/SOTON/D2004
FFP,51.221,95.59149,2_FFP_TGA.csv,10.5258/SOTON/D2004
FFP,52.221,95.45769,2_FFP_TGA.csv,10.5258/SOTON/D2004
FFP,53.221,95.3177,2_FFP_TGA.csv,10.5258/SOTON/D2004
FFP,54.221,95.18929,2_FFP_TGA.csv,10.5258/SOTON/D2004
FFP,55.221,95.06566,2_FFP_TGA.csv,10.5258/SOTON/D2004
FFP,56.221,94.95795,2_FFP_TGA.csv,10.5258/SOTON/D2004
FFP,57.221,94.86777,2_FFP_TGA.csv,10.5258/SOTON/D2004
FFP,58.221,94.77834,2_FFP_TGA.csv,10.5258/SOTON/D2004
FFP,59.221,94.67661,2_FFP_TGA.csv,10.5258/SOTON/D2004
FFP,60.221,94.58417,2_FFP_TGA.csv,10.5258/SOTON/D2004
FFP,61.221,94.50948,2_FFP_TGA.csv,10.5258/SOTON/D2004
FFP,62.221,94.44795,2_FFP_TGA.csv,10.5258/SOTON/D2004
FFP,63.221,94.37557,2_FFP_TGA.csv,10.5258/SOTON/D2004
FFP,64.221,94.30473,2_FFP_TGA.csv,10.5258/SOTON/D2004
FFP,65.221,94.235,2_FFP_TGA.csv,10.5258/SOTON/D2004
FFP,66.221,94.17778,2_FFP_TGA.csv,10.5258/SOTON/D2004
FFP,67.221,94.1204,2_FFP_TGA.csv,10.5258/SOTON/D2004
FFP,68.221,94.0542,2_FFP_TGA.csv,10.5258/SOTON/D2004
FFP,69.221,93.99215,2_FFP_TGA.csv,10.5258/SOTON/D2004
FFP,70.221,93.93429,2_FFP_TGA.csv,10.5258/SOTON/D2004
FFP,71.221,93.88202,2_FFP_TGA.csv,10.5258/SOTON/D2004
FFP,72.221,93.82789,2_FFP_TGA.csv,10.5258/SOTON/D2004
FFP,73.221,93.77742,2_FFP_TGA.csv,10.5258/SOTON/D2004
FFP,74.221,93.71797,2_FFP_TGA.csv,10.5258/SOTON/D2004
FFP,75.221,93.66825,2_FFP_TGA.csv,10.5258/SOTON/D2004
FFP,76.221,93.62291,2_FFP_TGA.csv,10.5258/SOTON/D2004
FFP,77.221,93.5762,2_FFP_TGA.csv,10.5258/SOTON/D2004
FFP,78.221,93.52868,2_FFP_TGA.csv,10.5258/SOTON/D2004
FFP,79.221,93.48976,2_FFP_TGA.csv,10.5258/SOTON/D2004
FFP,80.221,93.44379,2_FFP_TGA.csv,10.5258/SOTON/D2004
FFP,81.221,93.39631,2_FFP_TGA.csv,10.5258/SOTON/D2004
FFP,82.221,93.35796,2_FFP_TGA.csv,10.5258/SOTON/D2004
FFP,83.221,93.32089,2_FFP_TGA.csv,10.5258/SOTON/D2004
FFP,84.221,93.28619,2_FFP_TGA.csv,10.5258/SOTON/D2004
FFP,85.221,93.24896,2_FFP_TGA.csv,10.5258/SOTON/D2004
FFP,86.221,93.20651,2_FFP_TGA.csv,10.5258/SOTON/D2004
FFP,87.221,93.17048,2_FFP_TGA.csv,10.5258/SOTON/D2004
FFP,88.221,93.13958,2_FFP_TGA.csv,10.5258/SOTON/D2004
FFP,89.221,93.10609,2_FFP_TGA.csv,10.5258/SOTON/D2004
FFP,90.221,93.06592,2_FFP_TGA.csv,10.5258/SOTON/D2004
FFP,91.221,93.02938,2_FFP_TGA.csv,10.5258/SOTON/D2004
FFP,92.221,92.98776,2_FFP_TGA.csv,10.5258/SOTON/D2004
FFP,93.221,92.96007,2_FFP_TGA.csv,10.5258/SOTON/D2004
FFP,94.221,92.93538,2_FFP_TGA.csv,10.5258/SOTON/D2004
FFP,95.221,92.9037,2_FFP_TGA.csv,10.5258/SOTON/D2004
FFP,96.221,92.87873,2_FFP_TGA.csv,10.5258/SOTON/D2004
FFP,97.221,92.85724,2_FFP_TGA.csv,10.5258/SOTON/D2004
FFP,98.221,92.82634,2_FFP_TGA.csv,10.5258/SOTON/D2004
FFP,99.221,92.79978,2_FFP_TGA.csv,10.5258/SOTON/D2004
FFP,100.221,92.76759,2_FFP_TGA.csv,10.5258/SOTON/D2004
FFP,101.221,92.75439,2_FFP_TGA.csv,10.5258/SOTON/D2004
FFP,102.221,92.72566,2_FFP_TGA.csv,10.5258/SOTON/D2004
FFP,103.221,92.71336,2_FFP_TGA.csv,10.5258/SOTON/D2004
FFP,104.221,92.68031,2_FFP_TGA.csv,10.5258/SOTON/D2004
FFP,105.221,92.64933,2_FFP_TGA.csv,10.5258/SOTON/D2004
FFP,106.221,92.62832,2_FFP_TGA.csv,10.5258/SOTON/D2004
FFP,107.221,92.60738,2_FFP_TGA.csv,10.5258/SOTON/D2004
FFP,108.221,92.58534,2_FFP_TGA.csv,10.5258/SOTON/D2004
FFP,109.221,92.56963,2_FFP_TGA.csv,10.5258/SOTON/D2004
FFP,110.221,92.55324,2_FFP_TGA.csv,10.5258/SOTON/D2004
FFP,111.221,92.5255,2_FFP_TGA.csv,10.5258/SOTON/D2004
FFP,112.221,92.49888,2_FFP_TGA.csv,10.5258/SOTON/D2004
FFP,113.221,92.47586,2_FFP_TGA.csv,10.5258/SOTON/D2004
FFP,114.221,92.44493,2_FFP_TGA.csv,10.5258/SOTON/D2004
FFP,115.221,92.42928,2_FFP_TGA.csv,10.5258/SOTON/D2004
FFP,116.221,92.40848,2_FFP_TGA.csv,10.5258/SOTON/D2004
FFP,117.221,92.39064,2_FFP_TGA.csv,10.5258/SOTON/D2004
FFP,118.221,92.37288,2_FFP_TGA.csv,10.5258/SOTON/D2004
FFP,119.221,92.35179,2_FFP_TGA.csv,10.5258/SOTON/D2004
FFP,120.221,92.33516,2_FFP_TGA.csv,10.5258/SOTON/D2004
FFP,121.221,92.31416,2_FFP_TGA.csv,10.5258/SOTON/D2004
FFP,122.221,92.29427,2_FFP_TGA.csv,10.5258/SOTON/D2004
FFP,123.221,92.27657,2_FFP_TGA.csv,10.5258/SOTON/D2004
FFP,124.221,92.26331,2_FFP_TGA.csv,10.5258/SOTON/D2004
FFP,125.221,92.24781,2_FFP_TGA.csv,10.5258/SOTON/D2004
FFP,126.221,92.23793,2_FFP_TGA.csv,10.5258/SOTON/D2004
FFP,127.221,92.22802,2_FFP_TGA.csv,10.5258/SOTON/D2004
FFP,128.221,92.21253,2_FFP_TGA.csv,10.5258/SOTON/D2004
FFP,129.221,92.19595,2_FFP_TGA.csv,10.5258/SOTON/D2004
FFP,130.221,92.18598,2_FFP_TGA.csv,10.5258/SOTON/D2004
FFP,131.221,92.17359,2_FFP_TGA.csv,10.5258/SOTON/D2004
FFP,132.221,92.16491,2_FFP_TGA.csv,10.5258/SOTON/D2004
FFP,133.221,92.15393,2_FFP_TGA.csv,10.5258/SOTON/D2004
FFP,134.221,92.14747,2_FFP_TGA.csv,10.5258/SOTON/D2004
FFP,135.221,92.1318,2_FFP_TGA.csv,10.5258/SOTON/D2004
FFP,136.221,92.12073,2_FFP_TGA.csv,10.5258/SOTON/D2004
FFP,137.221,92.10859,2_FFP_TGA.csv,10.5258/SOTON/D2004
FFP,138.221,92.09862,2_FFP_TGA.csv,10.5258/SOTON/D2004
FFP,139.221,92.08552,2_FFP_TGA.csv,10.5258/SOTON/D2004
FFP,140.221,92.06521,2_FFP_TGA.csv,10.5258/SOTON/D2004
FFP,141.221,92.05694,2_FFP_TGA.csv,10.5258/SOTON/D2004
FFP,142.221,92.07417,2_FFP_TGA.csv,10.5258/SOTON/D2004
FFP,143.221,92.05851,2_FFP_TGA.csv,10.5258/SOTON/D2004
FFP,144.221,92.05466,2_FFP_TGA.csv,10.5258/SOTON/D2004
FFP,145.221,92.04593,2_FFP_TGA.csv,10.5258/SOTON/D2004
FFP,146.221,92.03557,2_FFP_TGA.csv,10.5258/SOTON/D2004
FFP,147.221,92.02672,2_FFP_TGA.csv,10.5258/SOTON/D2004
FFP,148.221,92.0177,2_FFP_TGA.csv,10.5258/SOTON/D2004
FFP,149.221,92.01328,2_FFP_TGA.csv,10.5258/SOTON/D2004
FFP,150.221,92.0081,2_FFP_TGA.csv,10.5258/SOTON/D2004
FFP,151.221,92.00439,2_FFP_TGA.csv,10.5258/SOTON/D2004
FFP,152.221,91.9973,2_FFP_TGA.csv,10.5258/SOTON/D2004
FFP,153.221,91.99383,2_FFP_TGA.csv,10.5258/SOTON/D2004
FFP,154.221,91.99138,2_FFP_TGA.csv,10.5258/SOTON/D2004
FFP,155.221,91.98759,2_FFP_TGA.csv,10.5258/SOTON/D2004
FFP,156.221,91.98434,2_FFP_TGA.csv,10.5258/SOTON/D2004
FFP,157.221,91.97454,2_FFP_TGA.csv,10.5258/SOTON/D2004
FFP,158.221,91.96355,2_FFP_TGA.csv,10.5258/SOTON/D2004
FFP,159.221,91.96165,2_FFP_TGA.csv,10.5258/SOTON/D2004
FFP,160.221,91.96042,2_FFP_TGA.csv,10.5258/SOTON/D2004
FFP,161.221,91.95781,2_FFP_TGA.csv,10.5258/SOTON/D2004
FFP,162.221,91.95605,2_FFP_TGA.csv,10.5258/SOTON/D2004
FFP,163.221,91.95367,2_FFP_TGA.csv,10.5258/SOTON/D2004
FFP,164.221,91.94955,2_FFP_TGA.csv,10.5258/SOTON/D2004
FFP,165.221,91.9454,2_FFP_TGA.csv,10.5258/SOTON/D2004
FFP,166.221,91.93922,2_FFP_TGA.csv,10.5258/SOTON/D2004
FFP,167.221,91.93649,2_FFP_TGA.csv,10.5258/SOTON/D2004
FFP,168.221,91.93397,2_FFP_TGA.csv,10.5258/SOTON/D2004
FFP,169.221,91.93262,2_FFP_TGA.csv,10.5258/SOTON/D2004
FFP,170.221,91.92861,2_FFP_TGA.csv,10.5258/SOTON/D2004
FFP,171.221,91.92367,2_FFP_TGA.csv,10.5258/SOTON/D2004
FFP,172.221,91.92476,2_FFP_TGA.csv,10.5258/SOTON/D2004
FFP,173.221,91.92238,2_FFP_TGA.csv,10.5258/SOTON/D2004
FFP,174.221,91.92146,2_FFP_TGA.csv,10.5258/SOTON/D2004
FFP,175.221,91.91299,2_FFP_TGA.csv,10.5258/SOTON/D2004
FFP,176.221,91.90708,2_FFP_TGA.csv,10.5258/SOTON/D2004
FFP,177.221,91.89997,2_FFP_TGA.csv,10.5258/SOTON/D2004
FFP,178.221,91.89385,2_FFP_TGA.csv,10.5258/SOTON/D2004
FFP,179.221,91.89369,2_FFP_TGA.csv,10.5258/SOTON/D2004
FFP,180.221,91.89102,2_FFP_TGA.csv,10.5258/SOTON/D2004
FFP,181.221,91.87908,2_FFP_TGA.csv,10.5258/SOTON/D2004
FFP,182.221,91.87577,2_FFP_TGA.csv,10.5258/SOTON/D2004
FFP,183.221,91.86882,2_FFP_TGA.csv,10.5258/SOTON/D2004
FFP,184.221,91.87121,2_FFP_TGA.csv,10.5258/SOTON/D2004
FFP,185.221,91.86456,2_FFP_TGA.csv,10.5258/SOTON/D2004
FFP,186.221,91.8617,2_FFP_TGA.csv,10.5258/SOTON/D2004
FFP,187.221,91.85686,2_FFP_TGA.csv,10.5258/SOTON/D2004
FFP,188.221,91.85299,2_FFP_TGA.csv,10.5258/SOTON/D2004
FFP,189.221,91.84329,2_FFP_TGA.csv,10.5258/SOTON/D2004
FFP,190.221,91.83808,2_FFP_TGA.csv,10.5258/SOTON/D2004
FFP,191.221,91.83448,2_FFP_TGA.csv,10.5258/SOTON/D2004
FFP,192.221,91.82554,2_FFP_TGA.csv,10.5258/SOTON/D2004
FFP,193.221,91.81612,2_FFP_TGA.csv,10.5258/SOTON/D2004
FFP,194.221,91.80415,2_FFP_TGA.csv,10.5258/SOTON/D2004
FFP,195.221,91.79407,2_FFP_TGA.csv,10.5258/SOTON/D2004
FFP,196.221,91.78283,2_FFP_TGA.csv,10.5258/SOTON/D2004
FFP,197.221,91.77219,2_FFP_TGA.csv,10.5258/SOTON/D2004
FFP,198.221,91.7571,2_FFP_TGA.csv,10.5258/SOTON/D2004
FFP,199.221,91.74375,2_FFP_TGA.csv,10.5258/SOTON/D2004
FFP,200.221,91.73474,2_FFP_TGA.csv,10.5258/SOTON/D2004
FFP,201.221,91.72042,2_FFP_TGA.csv,10.5258/SOTON/D2004
FFP,202.221,91.71224,2_FFP_TGA.csv,10.5258/SOTON/D2004
FFP,203.221,91.69843,2_FFP_TGA.csv,10.5258/SOTON/D2004
FFP,204.221,91.69123,2_FFP_TGA.csv,10.5258/SOTON/D2004
FFP,205.221,91.67499,2_FFP_TGA.csv,10.5258/SOTON/D2004
FFP,206.221,91.65335,2_FFP_TGA.csv,10.5258/SOTON/D2004
FFP,207.221,91.61909,2_FFP_TGA.csv,10.5258/SOTON/D2004
FFP,208.221,91.6101,2_FFP_TGA.csv,10.5258/SOTON/D2004
FFP,209.221,91.59393,2_FFP_TGA.csv,10.5258/SOTON/D2004
FFP,210.221,91.56951,2_FFP_TGA.csv,10.5258/SOTON/D2004
FFP,211.221,91.5429,2_FFP_TGA.csv,10.5258/SOTON/D2004
FFP,212.221,91.51829,2_FFP_TGA.csv,10.5258/SOTON/D2004
FFP,213.221,91.48643,2_FFP_TGA.csv,10.5258/SOTON/D2004
FFP,214.221,91.44037,2_FFP_TGA.csv,10.5258/SOTON/D2004
FFP,215.221,91.40731,2_FFP_TGA.csv,10.5258/SOTON/D2004
FFP,216.221,91.38255,2_FFP_TGA.csv,10.5258/SOTON/D2004
FFP,217.221,91.34508,2_FFP_TGA.csv,10.5258/SOTON/D2004
FFP,218.221,91.30173,2_FFP_TGA.csv,10.5258/SOTON/D2004
FFP,219.221,91.26398,2_FFP_TGA.csv,10.5258/SOTON/D2004
FFP,220.221,91.21755,2_FFP_TGA.csv,10.5258/SOTON/D2004
FFP,221.221,91.16668,2_FFP_TGA.csv,10.5258/SOTON/D2004
FFP,222.221,91.11834,2_FFP_TGA.csv,10.5258/SOTON/D2004
FFP,223.221,91.075,2_FFP_TGA.csv,10.5258/SOTON/D2004
FFP,224.221,91.01503,2_FFP_TGA.csv,10.5258/SOTON/D2004
FFP,225.221,90.95395,2_FFP_TGA.csv,10.5258/SOTON/D2004
FFP,226.221,90.89209,2_FFP_TGA.csv,10.5258/SOTON/D2004
FFP,227.221,90.82355,2_FFP_TGA.csv,10.5258/SOTON/D2004
FFP,228.221,90.74414,2_FFP_TGA.csv,10.5258/SOTON/D2004
FFP,229.221,90.68232,2_FFP_TGA.csv,10.5258/SOTON/D2004
FFP,230.221,90.60781,2_FFP_TGA.csv,10.5258/SOTON/D2004
FFP,231.221,90.52262,2_FFP_TGA.csv,10.5258/SOTON/D2004
FFP,232.221,90.42219,2_FFP_TGA.csv,10.5258/SOTON/D2004
FFP,233.221,90.35006,2_FFP_TGA.csv,10.5258/SOTON/D2004
FFP,234.221,90.25602,2_FFP_TGA.csv,10.5258/SOTON/D2004
FFP,235.221,90.14075,2_FFP_TGA.csv,10.5258/SOTON/D2004
FFP,236.221,90.04416,2_FFP_TGA.csv,10.5258/SOTON/D2004
FFP,237.221,89.92406,2_FFP_TGA.csv,10.5258/SOTON/D2004
FFP,238.221,89.81236,2_FFP_TGA.csv,10.5258/SOTON/D2004
FFP,239.221,89.69372,2_FFP_TGA.csv,10.5258/SOTON/D2004
FFP,240.221,89.56663,2_FFP_TGA.csv,10.5258/SOTON/D2004
FFP,241.221,89.43218,2_FFP_TGA.csv,10.5258/SOTON/D2004
FFP,242.221,89.29275,2_FFP_TGA.csv,10.5258/SOTON/D2004
FFP,243.221,89.15119,2_FFP_TGA.csv,10.5258/SOTON/D2004
FFP,244.221,88.99289,2_FFP_TGA.csv,10.5258/SOTON/D2004
FFP,245.221,88.83912,2_FFP_TGA.csv,10.5258/SOTON/D2004
FFP,246.221,88.67566,2_FFP_TGA.csv,10.5258/SOTON/D2004
FFP,247.221,88.51013,2_FFP_TGA.csv,10.5258/SOTON/D2004
FFP,248.221,88.33167,2_FFP_TGA.csv,10.5258/SOTON/D2004
FFP,249.221,88.14933,2_FFP_TGA.csv,10.5258/SOTON/D2004
FFP,250.221,87.9646,2_FFP_TGA.csv,10.5258/SOTON/D2004
FFP,251.221,87.76696,2_FFP_TGA.csv,10.5258/SOTON/D2004
FFP,252.221,87.56401,2_FFP_TGA.csv,10.5258/SOTON/D2004
FFP,253.221,87.356,2_FFP_TGA.csv,10.5258/SOTON/D2004
FFP,254.221,87.14238,2_FFP_TGA.csv,10.5258/SOTON/D2004
FFP,255.221,86.92162,2_FFP_TGA.csv,10.5258/SOTON/D2004
FFP,256.221,86.69446,2_FFP_TGA.csv,10.5258/SOTON/D2004
FFP,257.221,86.46283,2_FFP_TGA.csv,10.5258/SOTON/D2004
FFP,258.221,86.21571,2_FFP_TGA.csv,10.5258/SOTON/D2004
FFP,259.221,85.95662,2_FFP_TGA.csv,10.5258/SOTON/D2004
FFP,260.221,85.69803,2_FFP_TGA.csv,10.5258/SOTON/D2004
FFP,261.221,85.42636,2_FFP_TGA.csv,10.5258/SOTON/D2004
FFP,262.221,85.03256,2_FFP_TGA.csv,10.5258/SOTON/D2004
FFP,263.221,84.79728,2_FFP_TGA.csv,10.5258/SOTON/D2004
FFP,264.221,84.45166,2_FFP_TGA.csv,10.5258/SOTON/D2004
FFP,265.221,84.14312,2_FFP_TGA.csv,10.5258/SOTON/D2004
FFP,266.221,83.74563,2_FFP_TGA.csv,10.5258/SOTON/D2004
FFP,267.221,83.50053,2_FFP_TGA.csv,10.5258/SOTON/D2004
FFP,268.221,83.05852,2_FFP_TGA.csv,10.5258/SOTON/D2004
FFP,269.221,82.70596,2_FFP_TGA.csv,10.5258/SOTON/D2004
FFP,270.221,82.33429,2_FFP_TGA.csv,10.5258/SOTON/D2004
FFP,271.221,81.95594,2_FFP_TGA.csv,10.5258/SOTON/D2004
FFP,272.221,81.5632,2_FFP_TGA.csv,10.5258/SOTON/D2004
FFP,273.221,81.15692,2_FFP_TGA.csv,10.5258/SOTON/D2004
FFP,274.221,80.74099,2_FFP_TGA.csv,10.5258/SOTON/D2004
FFP,275.221,80.31491,2_FFP_TGA.csv,10.5258/SOTON/D2004
FFP,276.221,79.87014,2_FFP_TGA.csv,10.5258/SOTON/D2004
FFP,277.221,79.40625,2_FFP_TGA.csv,10.5258/SOTON/D2004
FFP,278.221,78.93297,2_FFP_TGA.csv,10.5258/SOTON/D2004
FFP,279.221,78.45773,2_FFP_TGA.csv,10.5258/SOTON/D2004
FFP,280.221,77.96107,2_FFP_TGA.csv,10.5258/SOTON/D2004
FFP,281.221,77.46137,2_FFP_TGA.csv,10.5258/SOTON/D2004
FFP,282.221,76.94059,2_FFP_TGA.csv,10.5258/SOTON/D2004
FFP,283.221,76.41489,2_FFP_TGA.csv,10.5258/SOTON/D2004
FFP,284.221,75.87759,2_FFP_TGA.csv,10.5258/SOTON/D2004
FFP,285.221,75.31329,2_FFP_TGA.csv,10.5258/SOTON/D2004
FFP,286.221,74.76148,2_FFP_TGA.csv,10.5258/SOTON/D2004
FFP,287.221,74.18769,2_FFP_TGA.csv,10.5258/SOTON/D2004
FFP,288.221,73.59062,2_FFP_TGA.csv,10.5258/SOTON/D2004
FFP,289.221,72.98846,2_FFP_TGA.csv,10.5258/SOTON/D2004
FFP,290.221,72.37981,2_FFP_TGA.csv,10.5258/SOTON/D2004
FFP,291.221,71.7832,2_FFP_TGA.csv,10.5258/SOTON/D2004
FFP,292.221,71.13367,2_FFP_TGA.csv,10.5258/SOTON/D2004
FFP,293.221,70.50452,2_FFP_TGA.csv,10.5258/SOTON/D2004
FFP,294.221,69.8687,2_FFP_TGA.csv,10.5258/SOTON/D2004
FFP,295.221,69.21201,2_FFP_TGA.csv,10.5258/SOTON/D2004
FFP,296.221,68.55018,2_FFP_TGA.csv,10.5258/SOTON/D2004
FFP,297.221,67.90011,2_FFP_TGA.csv,10.5258/SOTON/D2004
FFP,298.221,67.23563,2_FFP_TGA.csv,10.5258/SOTON/D2004
FFP,299.221,66.55388,2_FFP_TGA.csv,10.5258/SOTON/D2004
FFP,300.221,65.84672,2_FFP_TGA.csv,10.5258/SOTON/D2004
FFP,301.221,65.16844,2_FFP_TGA.csv,10.5258/SOTON/D2004
FFP,302.221,64.47699,2_FFP_TGA.csv,10.5258/SOTON/D2004
FFP,303.221,63.78198,2_FFP_TGA.csv,10.5258/SOTON/D2004
FFP,304.221,63.08421,2_FFP_TGA.csv,10.5258/SOTON/D2004
FFP,305.221,62.37781,2_FFP_TGA.csv,10.5258/SOTON/D2004
FFP,306.221,61.67804,2_FFP_TGA.csv,10.5258/SOTON/D2004
FFP,307.221,60.97627,2_FFP_TGA.csv,10.5258/SOTON/D2004
FFP,308.221,60.30104,2_FFP_TGA.csv,10.5258/SOTON/D2004
FFP,309.221,59.60067,2_FFP_TGA.csv,10.5258/SOTON/D2004
FFP,310.221,58.90036,2_FFP_TGA.csv,10.5258/SOTON/D2004
FFP,311.221,58.18912,2_FFP_TGA.csv,10.5258/SOTON/D2004
FFP,312.221,57.49305,2_FFP_TGA.csv,10.5258/SOTON/D2004
FFP,313.221,56.78651,2_FFP_TGA.csv,10.5258/SOTON/D2004
FFP,314.221,56.06071,2_FFP_TGA.csv,10.5258/SOTON/D2004
FFP,315.221,55.39044,2_FFP_TGA.csv,10.5258/SOTON/D2004
FFP,316.221,54.69562,2_FFP_TGA.csv,10.5258/SOTON/D2004
FFP,317.221,54.02593,2_FFP_TGA.csv,10.5258/SOTON/D2004
FFP,318.221,53.32087,2_FFP_TGA.csv,10.5258/SOTON/D2004
FFP,319.221,52.64383,2_FFP_TGA.csv,10.5258/SOTON/D2004
FFP,320.221,51.97168,2_FFP_TGA.csv,10.5258/SOTON/D2004
FFP,321.221,51.30065,2_FFP_TGA.csv,10.5258/SOTON/D2004
FFP,322.221,50.62526,2_FFP_TGA.csv,10.5258/SOTON/D2004
FFP,323.221,49.96906,2_FFP_TGA.csv,10.5258/SOTON/D2004
FFP,324.221,49.29989,2_FFP_TGA.csv,10.5258/SOTON/D2004
FFP,325.221,48.66604,2_FFP_TGA.csv,10.5258/SOTON/D2004
FFP,326.221,48.01697,2_FFP_TGA.csv,10.5258/SOTON/D2004
FFP,327.221,47.42479,2_FFP_TGA.csv,10.5258/SOTON/D2004
FFP,328.221,46.79964,2_FFP_TGA.csv,10.5258/SOTON/D2004
FFP,329.221,46.17937,2_FFP_TGA.csv,10.5258/SOTON/D2004
FFP,330.221,45.5806,2_FFP_TGA.csv,10.5258/SOTON/D2004
FFP,331.221,44.99954,2_FFP_TGA.csv,10.5258/SOTON/D2004
FFP,332.221,44.4247,2_FFP_TGA.csv,10.5258/SOTON/D2004
FFP,333.221,43.8795,2_FFP_TGA.csv,10.5258/SOTON/D2004
FFP,334.221,43.36305,2_FFP_TGA.csv,10.5258/SOTON/D2004
FFP,335.221,42.8741,2_FFP_TGA.csv,10.5258/SOTON/D2004
FFP,336.221,42.39169,2_FFP_TGA.csv,10.5258/SOTON/D2004
FFP,337.221,41.95105,2_FFP_TGA.csv,10.5258/SOTON/D2004
FFP,338.221,41.5387,2_FFP_TGA.csv,10.5258/SOTON/D2004
FFP,339.221,41.16063,2_FFP_TGA.csv,10.5258/SOTON/D2004
FFP,340.221,40.84571,2_FFP_TGA.csv,10.5258/SOTON/D2004
FFP,341.221,40.50051,2_FFP_TGA.csv,10.5258/SOTON/D2004
FFP,342.221,40.26861,2_FFP_TGA.csv,10.5258/SOTON/D2004
FFP,343.221,40.01391,2_FFP_TGA.csv,10.5258/SOTON/D2004
FFP,344.221,39.75068,2_FFP_TGA.csv,10.5258/SOTON/D2004
FFP,345.221,39.50871,2_FFP_TGA.csv,10.5258/SOTON/D2004
FFP,346.221,39.29497,2_FFP_TGA.csv,10.5258/SOTON/D2004
FFP,347.221,39.09116,2_FFP_TGA.csv,10.5258/SOTON/D2004
FFP,348.221,38.90635,2_FFP_TGA.csv,10.5258/SOTON/D2004
FFP,349.221,38.73299,2_FFP_TGA.csv,10.5258/SOTON/D2004
FFP,350.221,38.57704,2_FFP_TGA.csv,10.5258/SOTON/D2004
FFP,351.221,38.43622,2_FFP_TGA.csv,10.5258/SOTON/D2004
FFP,352.221,38.30432,2_FFP_TGA.csv,10.5258/SOTON/D2004
FFP,353.221,38.17209,2_FFP_TGA.csv,10.5258/SOTON/D2004
FFP,354.221,38.04226,2_FFP_TGA.csv,10.5258/SOTON/D2004
FFP,355.221,37.92054,2_FFP_TGA.csv,10.5258/SOTON/D2004
FFP,356.221,37.80375,2_FFP_TGA.csv,10.5258/SOTON/D2004
FFP,357.221,37.69538,2_FFP_TGA.csv,10.5258/SOTON/D2004
FFP,358.221,37.57528,2_FFP_TGA.csv,10.5258/SOTON/D2004
FFP,359.221,37.46318,2_FFP_TGA.csv,10.5258/SOTON/D2004
FFP,360.221,37.36264,2_FFP_TGA.csv,10.5258/SOTON/D2004
FFP,361.221,37.25565,2_FFP_TGA.csv,10.5258/SOTON/D2004
FFP,362.221,37.1478,2_FFP_TGA.csv,10.5258/SOTON/D2004
FFP,363.221,37.03073,2_FFP_TGA.csv,10.5258/SOTON/D2004
FFP,364.221,36.92178,2_FFP_TGA.csv,10.5258/SOTON/D2004
FFP,365.221,36.81707,2_FFP_TGA.csv,10.5258/SOTON/D2004
FFP,366.221,36.70652,2_FFP_TGA.csv,10.5258/SOTON/D2004
FFP,367.221,36.59193,2_FFP_TGA.csv,10.5258/SOTON/D2004
FFP,368.221,36.47103,2_FFP_TGA.csv,10.5258/SOTON/D2004
FFP,369.221,36.3506,2_FFP_TGA.csv,10.5258/SOTON/D2004
FFP,370.221,36.23516,2_FFP_TGA.csv,10.5258/SOTON/D2004
FFP,371.221,36.10341,2_FFP_TGA.csv,10.5258/SOTON/D2004
FFP,372.221,35.98407,2_FFP_TGA.csv,10.5258/SOTON/D2004
FFP,373.221,35.84965,2_FFP_TGA.csv,10.5258/SOTON/D2004
FFP,374.221,35.72089,2_FFP_TGA.csv,10.5258/SOTON/D2004
FFP,375.221,35.58536,2_FFP_TGA.csv,10.5258/SOTON/D2004
FFP,376.221,35.45514,2_FFP_TGA.csv,10.5258/SOTON/D2004
FFP,377.221,35.31524,2_FFP_TGA.csv,10.5258/SOTON/D2004
FFP,378.221,35.17096,2_FFP_TGA.csv,10.5258/SOTON/D2004
FFP,379.221,35.03372,2_FFP_TGA.csv,10.5258/SOTON/D2004
FFP,380.221,34.90265,2_FFP_TGA.csv,10.5258/SOTON/D2004
FFP,381.221,34.7619,2_FFP_TGA.csv,10.5258/SOTON/D2004
FFP,382.221,34.6194,2_FFP_TGA.csv,10.5258/SOTON/D2004
FFP,383.221,34.49231,2_FFP_TGA.csv,10.5258/SOTON/D2004
FFP,384.221,34.35597,2_FFP_TGA.csv,10.5258/SOTON/D2004
FFP,385.221,34.22392,2_FFP_TGA.csv,10.5258/SOTON/D2004
FFP,386.221,34.08949,2_FFP_TGA.csv,10.5258/SOTON/D2004
FFP,387.221,33.95981,2_FFP_TGA.csv,10.5258/SOTON/D2004
FFP,388.221,33.82988,2_FFP_TGA.csv,10.5258/SOTON/D2004
FFP,389.221,33.70293,2_FFP_TGA.csv,10.5258/SOTON/D2004
FFP,390.221,33.58173,2_FFP_TGA.csv,10.5258/SOTON/D2004
FFP,391.221,33.46321,2_FFP_TGA.csv,10.5258/SOTON/D2004
FFP,392.221,33.33608,2_FFP_TGA.csv,10.5258/SOTON/D2004
FFP,393.221,33.2148,2_FFP_TGA.csv,10.5258/SOTON/D2004
FFP,394.221,33.09223,2_FFP_TGA.csv,10.5258/SOTON/D2004
FFP,395.221,32.97102,2_FFP_TGA.csv,10.5258/SOTON/D2004
FFP,396.221,32.85177,2_FFP_TGA.csv,10.5258/SOTON/D2004
FFP,397.221,32.72389,2_FFP_TGA.csv,10.5258/SOTON/D2004
FFP,398.221,32.59504,2_FFP_TGA.csv,10.5258/SOTON/D2004
FFP,399.221,32.46836,2_FFP_TGA.csv,10.5258/SOTON/D2004
FFP,400.221,32.34492,2_FFP_TGA.csv,10.5258/SOTON/D2004
FFP,401.221,32.21511,2_FFP_TGA.csv,10.5258/SOTON/D2004
FFP,402.221,32.08032,2_FFP_TGA.csv,10.5258/SOTON/D2004
FFP,403.221,31.94365,2_FFP_TGA.csv,10.5258/SOTON/D2004
FFP,404.221,31.81046,2_FFP_TGA.csv,10.5258/SOTON/D2004
FFP,405.221,31.68124,2_FFP_TGA.csv,10.5258/SOTON/D2004
FFP,406.221,31.55098,2_FFP_TGA.csv,10.5258/SOTON/D2004
FFP,407.221,31.40566,2_FFP_TGA.csv,10.5258/SOTON/D2004
FFP,408.221,31.26003,2_FFP_TGA.csv,10.5258/SOTON/D2004
FFP,409.221,31.0973,2_FFP_TGA.csv,10.5258/SOTON/D2004
FFP,410.221,30.93295,2_FFP_TGA.csv,10.5258/SOTON/D2004
FFP,411.221,30.75389,2_FFP_TGA.csv,10.5258/SOTON/D2004
FFP,412.221,30.5788,2_FFP_TGA.csv,10.5258/SOTON/D2004
FFP,413.221,30.37871,2_FFP_TGA.csv,10.5258/SOTON/D2004
FFP,414.221,30.18822,2_FFP_TGA.csv,10.5258/SOTON/D2004
FFP,415.221,29.97205,2_FFP_TGA.csv,10.5258/SOTON/D2004
FFP,416.221,29.61974,2_FFP_TGA.csv,10.5258/SOTON/D2004
FFP,417.221,29.42897,2_FFP_TGA.csv,10.5258/SOTON/D2004
FFP,418.221,29.02641,2_FFP_TGA.csv,10.5258/SOTON/D2004
FFP,419.221,28.66862,2_FFP_TGA.csv,10.5258/SOTON/D2004
FFP,420.221,28.24896,2_FFP_TGA.csv,10.5258/SOTON/D2004
FFP,421.221,27.73261,2_FFP_TGA.csv,10.5258/SOTON/D2004
FFP,422.221,27.14029,2_FFP_TGA.csv,10.5258/SOTON/D2004
FFP,423.221,26.54746,2_FFP_TGA.csv,10.5258/SOTON/D2004
FFP,424.221,25.90487,2_FFP_TGA.csv,10.5258/SOTON/D2004
FFP,425.221,25.12517,2_FFP_TGA.csv,10.5258/SOTON/D2004
FFP,426.221,24.04124,2_FFP_TGA.csv,10.5258/SOTON/D2004
FFP,427.221,21.21628,2_FFP_TGA.csv,10.5258/SOTON/D2004
FFP,428.221,20.92495,2_FFP_TGA.csv,10.5258/SOTON/D2004
FFP,429.221,20.61339,2_FFP_TGA.csv,10.5258/SOTON/D2004
FFP,430.221,20.26243,2_FFP_TGA.csv,10.5258/SOTON/D2004
FFP,431.221,19.85404,2_FFP_TGA.csv,10.5258/SOTON/D2004
FFP,432.221,19.37765,2_FFP_TGA.csv,10.5258/SOTON/D2004
FFP,433.221,18.9593,2_FFP_TGA.csv,10.5258/SOTON/D2004
FFP,434.221,18.57179,2_FFP_TGA.csv,10.5258/SOTON/D2004
FFP,435.221,18.19561,2_FFP_TGA.csv,10.5258/SOTON/D2004
FFP,436.221,17.80085,2_FFP_TGA.csv,10.5258/SOTON/D2004
FFP,437.221,17.40207,2_FFP_TGA.csv,10.5258/SOTON/D2004
FFP,438.221,16.97314,2_FFP_TGA.csv,10.5258/SOTON/D2004
FFP,439.221,16.49779,2_FFP_TGA.csv,10.5258/SOTON/D2004
FFP,440.221,15.92865,2_FFP_TGA.csv,10.5258/SOTON/D2004
FFP,441.221,15.4122,2_FFP_TGA.csv,10.5258/SOTON/D2004
FFP,442.221,14.91989,2_FFP_TGA.csv,10.5258/SOTON/D2004
FFP,443.221,14.41457,2_FFP_TGA.csv,10.5258/SOTON/D2004
FFP,444.221,13.94541,2_FFP_TGA.csv,10.5258/SOTON/D2004
FFP,445.221,13.46357,2_FFP_TGA.csv,10.5258/SOTON/D2004
FFP,446.221,12.9674,2_FFP_TGA.csv,10.5258/SOTON/D2004
FFP,447.221,12.45907,2_FFP_TGA.csv,10.5258/SOTON/D2004
FFP,448.221,11.9626,2_FFP_TGA.csv,10.5258/SOTON/D2004
FFP,449.221,11.48853,2_FFP_TGA.csv,10.5258/SOTON/D2004
FFP,450.221,11.01734,2_FFP_TGA.csv,10.5258/SOTON/D2004
FFP,451.221,10.56459,2_FFP_TGA.csv,10.5258/SOTON/D2004
FFP,452.221,10.1165,2_FFP_TGA.csv,10.5258/SOTON/D2004
FFP,453.221,9.6727,2_FFP_TGA.csv,10.5258/SOTON/D2004
FFP,454.221,9.22763,2_FFP_TGA.csv,10.5258/SOTON/D2004
FFP,455.221,8.80673,2_FFP_TGA.csv,10.5258/SOTON/D2004
FFP,456.221,8.40478,2_FFP_TGA.csv,10.5258/SOTON/D2004
FFP,457.221,8.01334,2_FFP_TGA.csv,10.5258/SOTON/D2004
FFP,458.221,7.61461,2_FFP_TGA.csv,10.5258/SOTON/D2004
FFP,459.221,7.24764,2_FFP_TGA.csv,10.5258/SOTON/D2004
FFP,460.221,6.86877,2_FFP_TGA.csv,10.5258/SOTON/D2004
FFP,461.221,6.54704,2_FFP_TGA.csv,10.5258/SOTON/D2004
FFP,462.221,6.20133,2_FFP_TGA.csv,10.5258/SOTON/D2004
FFP,463.221,5.95971,2_FFP_TGA.csv,10.5258/SOTON/D2004
FFP,464.221,5.56748,2_FFP_TGA.csv,10.5258/SOTON/D2004
FFP,465.221,5.33062,2_FFP_TGA.csv,10.5258/SOTON/D2004
FFP,466.221,4.97541,2_FFP_TGA.csv,10.5258/SOTON/D2004
FFP,467.221,4.73623,2_FFP_TGA.csv,10.5258/SOTON/D2004
FFP,468.221,4.47161,2_FFP_TGA.csv,10.5258/SOTON/D2004
FFP,469.221,4.20697,2_FFP_TGA.csv,10.5258/SOTON/D2004
FFP,470.221,3.96272,2_FFP_TGA.csv,10.5258/SOTON/D2004
FFP,471.221,3.73267,2_FFP_TGA.csv,10.5258/SOTON/D2004
FFP,472.221,3.49329,2_FFP_TGA.csv,10.5258/SOTON/D2004
FFP,473.221,3.28916,2_FFP_TGA.csv,10.5258/SOTON/D2004
FFP,474.221,3.09772,2_FFP_TGA.csv,10.5258/SOTON/D2004
FFP,475.221,2.90896,2_FFP_TGA.csv,10.5258/SOTON/D2004
FFP,476.221,2.72745,2_FFP_TGA.csv,10.5258/SOTON/D2004
FFP,477.221,2.56418,2_FFP_TGA.csv,10.5258/SOTON/D2004
FFP,478.221,2.41654,2_FFP_TGA.csv,10.5258/SOTON/D2004
FFP,479.221,2.2671,2_FFP_TGA.csv,10.5258/SOTON/D2004
FFP,480.221,2.12323,2_FFP_TGA.csv,10.5258/SOTON/D2004
FFP,481.221,2.00094,2_FFP_TGA.csv,10.5258/SOTON/D2004
FFP,482.221,1.87164,2_FFP_TGA.csv,10.5258/SOTON/D2004
FFP,483.221,1.78361,2_FFP_TGA.csv,10.5258/SOTON/D2004
FFP,484.221,1.70402,2_FFP_TGA.csv,10.5258/SOTON/D2004
FFP,485.221,1.62868,2_FFP_TGA.csv,10.5258/SOTON/D2004
FFP,486.221,1.56243,2_FFP_TGA.csv,10.5258/SOTON/D2004
FFP,487.221,1.49219,2_FFP_TGA.csv,10.5258/SOTON/D2004
FFP,488.221,1.43169,2_FFP_TGA.csv,10.5258/SOTON/D2004
FFP,489.221,1.36962,2_FFP_TGA.csv,10.5258/SOTON/D2004
FFP,490.221,1.33804,2_FFP_TGA.csv,10.5258/SOTON/D2004
FFP,491.221,1.29863,2_FFP_TGA.csv,10.5258/SOTON/D2004
FFP,492.221,1.27416,2_FFP_TGA.csv,10.5258/SOTON/D2004
FFP,493.221,1.2555,2_FFP_TGA.csv,10.5258/SOTON/D2004
FFP,494.221,1.2369,2_FFP_TGA.csv,10.5258/SOTON/D2004
FFP,495.221,1.22243,2_FFP_TGA.csv,10.5258/SOTON/D2004
FFP,496.221,1.20112,2_FFP_TGA.csv,10.5258/SOTON/D2004
FFP,497.221,1.19029,2_FFP_TGA.csv,10.5258/SOTON/D2004
FFP,498.221,1.17452,2_FFP_TGA.csv,10.5258/SOTON/D2004
FFP,499.221,1.17681,2_FFP_TGA.csv,10.5258/SOTON/D2004
FFP,500.221,1.16598,2_FFP_TGA.csv,10.5258/SOTON/D2004
FFP,501.221,1.16371,2_FFP_TGA.csv,10.5258/SOTON/D2004
FFP,502.221,1.14706,2_FFP_TGA.csv,10.5258/SOTON/D2004
FFP,503.221,1.15143,2_FFP_TGA.csv,10.5258/SOTON/D2004
FFP,504.221,1.14459,2_FFP_TGA.csv,10.5258/SOTON/D2004
FFP,505.221,1.11599,2_FFP_TGA.csv,10.5258/SOTON/D2004
FFP,506.221,1.14261,2_FFP_TGA.csv,10.5258/SOTON/D2004
FFP,507.221,1.14472,2_FFP_TGA.csv,10.5258/SOTON/D2004
FFP,508.221,1.14049,2_FFP_TGA.csv,10.5258/SOTON/D2004
FFP,509.221,1.14353,2_FFP_TGA.csv,10.5258/SOTON/D2004
FFP,510.221,1.14091,2_FFP_TGA.csv,10.5258/SOTON/D2004
FFP,511.221,1.13797,2_FFP_TGA.csv,10.5258/SOTON/D2004
FFP,512.221,1.13288,2_FFP_TGA.csv,10.5258/SOTON/D2004
FFP,513.221,1.12607,2_FFP_TGA.csv,10.5258/SOTON/D2004
FFP,514.221,1.12399,2_FFP_TGA.csv,10.5258/SOTON/D2004
FFP,515.221,1.11712,2_FFP_TGA.csv,10.5258/SOTON/D2004
FFP,516.221,1.10509,2_FFP_TGA.csv,10.5258/SOTON/D2004
FFP,517.221,1.09844,2_FFP_TGA.csv,10.5258/SOTON/D2004
FFP,518.221,1.09516,2_FFP_TGA.csv,10.5258/SOTON/D2004
FFP,519.221,1.08279,2_FFP_TGA.csv,10.5258/SOTON/D2004
FFP,520.221,1.11719,2_FFP_TGA.csv,10.5258/SOTON/D2004
FFP,521.221,1.11063,2_FFP_TGA.csv,10.5258/SOTON/D2004
FFP,522.221,1.10847,2_FFP_TGA.csv,10.5258/SOTON/D2004
FFP,523.221,1.10619,2_FFP_TGA.csv,10.5258/SOTON/D2004
FFP,524.221,1.10286,2_FFP_TGA.csv,10.5258/SOTON/D2004
FFP,525.221,1.10393,2_FFP_TGA.csv,10.5258/SOTON/D2004
FFP,526.221,1.09954,2_FFP_TGA.csv,10.5258/SOTON/D2004
FFP,527.221,1.09069,2_FFP_TGA.csv,10.5258/SOTON/D2004
FFP,528.221,1.08301,2_FFP_TGA.csv,10.5258/SOTON/D2004
FFP,529.221,1.08297,2_FFP_TGA.csv,10.5258/SOTON/D2004
FFP,530.221,1.08633,2_FFP_TGA.csv,10.5258/SOTON/D2004
FFP,531.221,1.07939,2_FFP_TGA.csv,10.5258/SOTON/D2004
FFP,532.221,1.07644,2_FFP_TGA.csv,10.5258/SOTON/D2004
FFP,533.221,1.07974,2_FFP_TGA.csv,10.5258/SOTON/D2004
FFP,534.221,1.08002,2_FFP_TGA.csv,10.5258/SOTON/D2004
FFP,535.221,1.07572,2_FFP_TGA.csv,10.5258/SOTON/D2004
FFP,536.221,1.07631,2_FFP_TGA.csv,10.5258/SOTON/D2004
FFP,537.221,1.07655,2_FFP_TGA.csv,10.5258/SOTON/D2004
FFP,538.221,1.07408,2_FFP_TGA.csv,10.5258/SOTON/D2004
FFP,539.221,1.05513,2_FFP_TGA.csv,10.5258/SOTON/D2004
FFP,540.221,1.07319,2_FFP_TGA.csv,10.5258/SOTON/D2004
FFP,541.221,1.07933,2_FFP_TGA.csv,10.5258/SOTON/D2004
FFP,542.221,1.0771,2_FFP_TGA.csv,10.5258/SOTON/D2004
FFP,543.221,1.07509,2_FFP_TGA.csv,10.5258/SOTON/D2004
FFP,544.221,1.07132,2_FFP_TGA.csv,10.5258/SOTON/D2004
FFP,545.221,1.07495,2_FFP_TGA.csv,10.5258/SOTON/D2004
FFP,546.221,1.08029,2_FFP_TGA.csv,10.5258/SOTON/D2004
FFP,547.221,1.07402,2_FFP_TGA.csv,10.5258/SOTON/D2004
FFP,548.221,1.06843,2_FFP_TGA.csv,10.5258/SOTON/D2004
FFP,549.221,1.06179,2_FFP_TGA.csv,10.5258/SOTON/D2004
FFP,550.221,1.05809,2_FFP_TGA.csv,10.5258/SOTON/D2004
FFP,551.221,1.06694,2_FFP_TGA.csv,10.5258/SOTON/D2004
FFP,552.221,1.0658,2_FFP_TGA.csv,10.5258/SOTON/D2004
FFP,553.221,1.06426,2_FFP_TGA.csv,10.5258/SOTON/D2004
FFP,554.221,1.05792,2_FFP_TGA.csv,10.5258/SOTON/D2004
FFP,555.221,1.05555,2_FFP_TGA.csv,10.5258/SOTON/D2004
FFP,556.221,1.06304,2_FFP_TGA.csv,10.5258/SOTON/D2004
FFP,557.221,1.06762,2_FFP_TGA.csv,10.5258/SOTON/D2004
FFP,558.221,1.06615,2_FFP_TGA.csv,10.5258/SOTON/D2004
FFP,559.221,1.06421,2_FFP_TGA.csv,10.5258/SOTON/D2004
FFP,560.221,1.06407,2_FFP_TGA.csv,10.5258/SOTON/D2004
FFP,561.221,1.06508,2_FFP_TGA.csv,10.5258/SOTON/D2004
FFP,562.221,1.06641,2_FFP_TGA.csv,10.5258/SOTON/D2004
FFP,563.221,1.05763,2_FFP_TGA.csv,10.5258/SOTON/D2004
FFP,564.221,1.05069,2_FFP_TGA.csv,10.5258/SOTON/D2004
FFP,565.221,1.04642,2_FFP_TGA.csv,10.5258/SOTON/D2004
FFP,566.221,1.04944,2_FFP_TGA.csv,10.5258/SOTON/D2004
FFP,567.221,1.05092,2_FFP_TGA.csv,10.5258/SOTON/D2004
FFP,568.221,1.052,2_FFP_TGA.csv,10.5258/SOTON/D2004
FFP,569.221,1.04762,2_FFP_TGA.csv,10.5258/SOTON/D2004
FFP,570.221,1.03319,2_FFP_TGA.csv,10.5258/SOTON/D2004
FFP,571.221,1.05199,2_FFP_TGA.csv,10.5258/SOTON/D2004
FFP,572.221,1.0542,2_FFP_TGA.csv,10.5258/SOTON/D2004
FFP,573.221,1.05091,2_FFP_TGA.csv,10.5258/SOTON/D2004
FFP,574.221,1.04534,2_FFP_TGA.csv,10.5258/SOTON/D2004
FFP,575.221,1.03761,2_FFP_TGA.csv,10.5258/SOTON/D2004
FFP,576.221,1.02882,2_FFP_TGA.csv,10.5258/SOTON/D2004
FFP,577.221,1.03095,2_FFP_TGA.csv,10.5258/SOTON/D2004
FFP,578.221,1.02539,2_FFP_TGA.csv,10.5258/SOTON/D2004
FFP,579.221,1.02987,2_FFP_TGA.csv,10.5258/SOTON/D2004
FFP,580.221,1.02981,2_FFP_TGA.csv,10.5258/SOTON/D2004
FFP,581.221,1.03207,2_FFP_TGA.csv,10.5258/SOTON/D2004
FFP,582.221,1.02544,2_FFP_TGA.csv,10.5258/SOTON/D2004
FFP,583.221,1.01883,2_FFP_TGA.csv,10.5258/SOTON/D2004
FFP,584.221,1.02092,2_FFP_TGA.csv,10.5258/SOTON/D2004
FFP,585.221,1.01979,2_FFP_TGA.csv,10.5258/SOTON/D2004
FFP,586.221,1.01903,2_FFP_TGA.csv,10.5258/SOTON/D2004
FFP,587.221,1.01436,2_FFP_TGA.csv,10.5258/SOTON/D2004
FFP,588.221,0.99668,2_FFP_TGA.csv,10.5258/SOTON/D2004
FFP,589.221,1.01995,2_FFP_TGA.csv,10.5258/SOTON/D2004
FFP,590.221,1.03754,2_FFP_TGA.csv,10.5258/SOTON/D2004
FFP,591.221,1.0375,2_FFP_TGA.csv,10.5258/SOTON/D2004
FFP,592.221,1.02547,2_FFP_TGA.csv,10.5258/SOTON/D2004
FFP,593.221,1.0209,2_FFP_TGA.csv,10.5258/SOTON/D2004
FFP,594.221,1.0188,2_FFP_TGA.csv,10.5258/SOTON/D2004
FFP,595.221,1.01652,2_FFP_TGA.csv,10.5258/SOTON/D2004
FFP,596.221,1.01668,2_FFP_TGA.csv,10.5258/SOTON/D2004
FFP,597.221,1.01222,2_FFP_TGA.csv,10.5258/SOTON/D2004
FFP,598.221,1.00209,2_FFP_TGA.csv,10.5258/SOTON/D2004
FFP,599.221,1.00444,2_FFP_TGA.csv,10.5258/SOTON/D2004
FFP,600.221,1.0027,2_FFP_TGA.csv,10.5258/SOTON/D2004
FFP,601.221,1.00462,2_FFP_TGA.csv,10.5258/SOTON/D2004
FFP,602.221,0.99613,2_FFP_TGA.csv,10.5258/SOTON/D2004
FFP,603.221,0.9887,2_FFP_TGA.csv,10.5258/SOTON/D2004
FFP,604.221,0.99774,2_FFP_TGA.csv,10.5258/SOTON/D2004
FFP,605.221,0.98542,2_FFP_TGA.csv,10.5258/SOTON/D2004
FFP,606.221,0.97924,2_FFP_TGA.csv,10.5258/SOTON/D2004
FFP,607.221,0.95363,2_FFP_TGA.csv,10.5258/SOTON/D2004
FFP,608.221,0.96886,2_FFP_TGA.csv,10.5258/SOTON/D2004
FFP,609.221,0.97653,2_FFP_TGA.csv,10.5258/SOTON/D2004
FFP,610.221,0.97404,2_FFP_TGA.csv,10.5258/SOTON/D2004
FFP,611.221,0.98228,2_FFP_TGA.csv,10.5258/SOTON/D2004
FFP,612.221,0.98009,2_FFP_TGA.csv,10.5258/SOTON/D2004
FFP,613.221,0.98001,2_FFP_TGA.csv,10.5258/SOTON/D2004
FFP,614.221,0.97828,2_FFP_TGA.csv,10.5258/SOTON/D2004
FFP,615.221,0.97894,2_FFP_TGA.csv,10.5258/SOTON/D2004
FFP,616.221,0.97437,2_FFP_TGA.csv,10.5258/SOTON/D2004
FFP,617.221,0.96613,2_FFP_TGA.csv,10.5258/SOTON/D2004
FFP,618.221,0.96432,2_FFP_TGA.csv,10.5258/SOTON/D2004
FFP,619.221,0.94944,2_FFP_TGA.csv,10.5258/SOTON/D2004
FFP,620.221,0.96001,2_FFP_TGA.csv,10.5258/SOTON/D2004
FFP,621.221,0.96357,2_FFP_TGA.csv,10.5258/SOTON/D2004
FFP,622.221,0.95904,2_FFP_TGA.csv,10.5258/SOTON/D2004
FFP,623.221,0.95797,2_FFP_TGA.csv,10.5258/SOTON/D2004
FFP,624.221,0.95927,2_FFP_TGA.csv,10.5258/SOTON/D2004
FFP,625.221,0.96471,2_FFP_TGA.csv,10.5258/SOTON/D2004
FFP,626.221,0.96023,2_FFP_TGA.csv,10.5258/SOTON/D2004
FFP,627.221,0.95949,2_FFP_TGA.csv,10.5258/SOTON/D2004
FFP,628.221,0.958,2_FFP_TGA.csv,10.5258/SOTON/D2004
FFP,629.221,0.95331,2_FFP_TGA.csv,10.5258/SOTON/D2004
FFP,630.221,0.95052,2_FFP_TGA.csv,10.5258/SOTON/D2004
FFP,631.221,0.94581,2_FFP_TGA.csv,10.5258/SOTON/D2004
FFP,632.221,0.94333,2_FFP_TGA.csv,10.5258/SOTON/D2004
FFP,633.221,0.94176,2_FFP_TGA.csv,10.5258/SOTON/D2004
FFP,634.221,0.93889,2_FFP_TGA.csv,10.5258/SOTON/D2004
FFP,635.221,0.94257,2_FFP_TGA.csv,10.5258/SOTON/D2004
FFP,636.221,0.94672,2_FFP_TGA.csv,10.5258/SOTON/D2004
FFP,637.221,0.94264,2_FFP_TGA.csv,10.5258/SOTON/D2004
FFP,638.221,0.93847,2_FFP_TGA.csv,10.5258/SOTON/D2004
FFP,639.221,0.93404,2_FFP_TGA.csv,10.5258/SOTON/D2004
FFP,640.221,0.93347,2_FFP_TGA.csv,10.5258/SOTON/D2004
FFP,641.221,0.93225,2_FFP_TGA.csv,10.5258/SOTON/D2004
FFP,642.221,0.93146,2_FFP_TGA.csv,10.5258/SOTON/D2004
FFP,643.221,0.93472,2_FFP_TGA.csv,10.5258/SOTON/D2004
FFP,644.221,0.93031,2_FFP_TGA.csv,10.5258/SOTON/D2004
FFP,645.221,0.92259,2_FFP_TGA.csv,10.5258/SOTON/D2004
FFP,646.221,0.92914,2_FFP_TGA.csv,10.5258/SOTON/D2004
FFP,647.221,0.92263,2_FFP_TGA.csv,10.5258/SOTON/D2004
FFP,648.221,0.9082,2_FFP_TGA.csv,10.5258/SOTON/D2004
FFP,649.221,0.91042,2_FFP_TGA.csv,10.5258/SOTON/D2004
FFP,650.221,0.91139,2_FFP_TGA.csv,10.5258/SOTON/D2004
FFP,651.221,0.91033,2_FFP_TGA.csv,10.5258/SOTON/D2004
FFP,652.221,0.90268,2_FFP_TGA.csv,10.5258/SOTON/D2004
FFP,653.221,0.89364,2_FFP_TGA.csv,10.5258/SOTON/D2004
FFP,654.221,0.88572,2_FFP_TGA.csv,10.5258/SOTON/D2004
FFP,655.221,0.88535,2_FFP_TGA.csv,10.5258/SOTON/D2004
FFP,656.221,0.88606,2_FFP_TGA.csv,10.5258/SOTON/D2004
FFP,657.221,0.88675,2_FFP_TGA.csv,10.5258/SOTON/D2004
FFP,658.221,0.88226,2_FFP_TGA.csv,10.5258/SOTON/D2004
FFP,659.221,0.8758,2_FFP_TGA.csv,10.5258/SOTON/D2004
FFP,660.221,0.85271,2_FFP_TGA.csv,10.5258/SOTON/D2004
FFP,661.221,0.8415,2_FFP_TGA.csv,10.5258/SOTON/D2004
FFP,662.221,0.87011,2_FFP_TGA.csv,10.5258/SOTON/D2004
FFP,663.221,0.86685,2_FFP_TGA.csv,10.5258/SOTON/D2004
FFP,664.221,0.90434,2_FFP_TGA.csv,10.5258/SOTON/D2004
FFP,665.221,0.88493,2_FFP_TGA.csv,10.5258/SOTON/D2004
FFP,666.221,0.88593,2_FFP_TGA.csv,10.5258/SOTON/D2004
FFP,667.221,0.8859,2_FFP_TGA.csv,10.5258/SOTON/D2004
FFP,668.221,0.87489,2_FFP_TGA.csv,10.5258/SOTON/D2004
FFP,669.221,0.87261,2_FFP_TGA.csv,10.5258/SOTON/D2004
FFP,670.221,0.86822,2_FFP_TGA.csv,10.5258/SOTON/D2004
FFP,671.221,0.86184,2_FFP_TGA.csv,10.5258/SOTON/D2004
FFP,672.221,0.85109,2_FFP_TGA.csv,10.5258/SOTON/D2004
FFP,673.221,0.84863,2_FFP_TGA.csv,10.5258/SOTON/D2004
FFP,674.221,0.8326,2_FFP_TGA.csv,10.5258/SOTON/D2004
FFP,675.221,0.84431,2_FFP_TGA.csv,10.5258/SOTON/D2004
FFP,676.221,0.84408,2_FFP_TGA.csv,10.5258/SOTON/D2004
FFP,677.221,0.83415,2_FFP_TGA.csv,10.5258/SOTON/D2004
FFP,678.221,0.80486,2_FFP_TGA.csv,10.5258/SOTON/D2004
FFP,679.221,0.80152,2_FFP_TGA.csv,10.5258/SOTON/D2004
FFP,680.221,0.78148,2_FFP_TGA.csv,10.5258/SOTON/D2004
FFP,681.221,0.80728,2_FFP_TGA.csv,10.5258/SOTON/D2004
FFP,682.221,0.80554,2_FFP_TGA.csv,10.5258/SOTON/D2004
FFP,683.221,0.80608,2_FFP_TGA.csv,10.5258/SOTON/D2004
FFP,684.221,0.79225,2_FFP_TGA.csv,10.5258/SOTON/D2004
FFP,685.221,0.79485,2_FFP_TGA.csv,10.5258/SOTON/D2004
FFP,686.221,0.79129,2_FFP_TGA.csv,10.5258/SOTON/D2004
FFP,687.221,0.78543,2_FFP_TGA.csv,10.5258/SOTON/D2004
FFP,688.221,0.77355,2_FFP_TGA.csv,10.5258/SOTON/D2004
FFP,689.221,0.76638,2_FFP_TGA.csv,10.5258/SOTON/D2004
FFP,690.221,0.77089,2_FFP_TGA.csv,10.5258/SOTON/D2004
FFP,691.221,0.75979,2_FFP_TGA.csv,10.5258/SOTON/D2004
FFP,692.221,0.75656,2_FFP_TGA.csv,10.5258/SOTON/D2004
FFP,693.221,0.74778,2_FFP_TGA.csv,10.5258/SOTON/D2004
FFP,694.221,0.74865,2_FFP_TGA.csv,10.5258/SOTON/D2004
FFP,695.221,0.74588,2_FFP_TGA.csv,10.5258/SOTON/D2004
FFP,696.221,0.72362,2_FFP_TGA.csv,10.5258/SOTON/D2004
FFP,697.221,0.7256,2_FFP_TGA.csv,10.5258/SOTON/D2004
FFP,698.221,0.7103,2_FFP_TGA.csv,10.5258/SOTON/D2004
FFP,699.221,0.71461,2_FFP_TGA.csv,10.5258/SOTON/D2004
FFP,700.221,0.71776,2_FFP_TGA.csv,10.5258/SOTON/D2004
FFP,701.221,0.72447,2_FFP_TGA.csv,10.5258/SOTON/D2004
FFP,702.221,0.72006,2_FFP_TGA.csv,10.5258/SOTON/D2004
FFP,703.221,0.71467,2_FFP_TGA.csv,10.5258/SOTON/D2004
FFP,704.221,0.70802,2_FFP_TGA.csv,10.5258/SOTON/D2004
FFP,705.221,0.70239,2_FFP_TGA.csv,10.5258/SOTON/D2004
FFP,706.221,0.68364,2_FFP_TGA.csv,10.5258/SOTON/D2004
FFP,707.221,0.69361,2_FFP_TGA.csv,10.5258/SOTON/D2004
FFP,708.221,0.68903,2_FFP_TGA.csv,10.5258/SOTON/D2004
FFP,709.221,0.67485,2_FFP_TGA.csv,10.5258/SOTON/D2004
FFP,710.221,0.66367,2_FFP_TGA.csv,10.5258/SOTON/D2004
FFP,711.221,0.64521,2_FFP_TGA.csv,10.5258/SOTON/D2004
FFP,712.221,0.66948,2_FFP_TGA.csv,10.5258/SOTON/D2004
FFP,713.221,0.66641,2_FFP_TGA.csv,10.5258/SOTON/D2004
FFP,714.221,0.65683,2_FFP_TGA.csv,10.5258/SOTON/D2004
FFP,715.221,0.63618,2_FFP_TGA.csv,10.5258/SOTON/D2004
FFP,716.221,0.63482,2_FFP_TGA.csv,10.5258/SOTON/D2004
FFP,717.221,0.64824,2_FFP_TGA.csv,10.5258/SOTON/D2004
FFP,718.221,0.64071,2_FFP_TGA.csv,10.5258/SOTON/D2004
FFP,719.221,0.63709,2_FFP_TGA.csv,10.5258/SOTON/D2004
FFP,720.221,0.63632,2_FFP_TGA.csv,10.5258/SOTON/D2004
FFP,721.221,0.63108,2_FFP_TGA.csv,10.5258/SOTON/D2004
FFP,722.221,0.61686,2_FFP_TGA.csv,10.5258/SOTON/D2004
FFP,723.221,0.59701,2_FFP_TGA.csv,10.5258/SOTON/D2004
FFP,724.221,0.61022,2_FFP_TGA.csv,10.5258/SOTON/D2004
FFP,725.221,0.59894,2_FFP_TGA.csv,10.5258/SOTON/D2004
FFP,726.221,0.59496,2_FFP_TGA.csv,10.5258/SOTON/D2004
FFP,727.221,0.60119,2_FFP_TGA.csv,10.5258/SOTON/D2004
FFP,728.221,0.57978,2_FFP_TGA.csv,10.5258/SOTON/D2004
FFP,729.221,0.58589,2_FFP_TGA.csv,10.5258/SOTON/D2004
FFP,730.221,0.58856,2_FFP_TGA.csv,10.5258/SOTON/D2004
FFP,731.221,0.58075,2_FFP_TGA.csv,10.5258/SOTON/D2004
FFP,732.221,0.56414,2_FFP_TGA.csv,10.5258/SOTON/D2004
FFP,733.221,0.5697,2_FFP_TGA.csv,10.5258/SOTON/D2004
FFP,734.221,0.5629,2_FFP_TGA.csv,10.5258/SOTON/D2004
FFP,735.221,0.55755,2_FFP_TGA.csv,10.5258/SOTON/D2004
FFP,736.221,0.55294,2_FFP_TGA.csv,10.5258/SOTON/D2004
FFP,737.221,0.5482,2_FFP_TGA.csv,10.5258/SOTON/D2004
FFP,738.221,0.54121,2_FFP_TGA.csv,10.5258/SOTON/D2004
FFP,739.221,0.53974,2_FFP_TGA.csv,10.5258/SOTON/D2004
FFP,740.221,0.54472,2_FFP_TGA.csv,10.5258/SOTON/D2004
FFP,741.221,0.55307,2_FFP_TGA.csv,10.5258/SOTON/D2004
FFP,742.221,0.54159,2_FFP_TGA.csv,10.5258/SOTON/D2004
FFP,743.221,0.53337,2_FFP_TGA.csv,10.5258/SOTON/D2004
FFP,744.221,0.49239,2_FFP_TGA.csv,10.5258/SOTON/D2004
FFP,745.221,0.52987,2_FFP_TGA.csv,10.5258/SOTON/D2004
FFP,746.221,0.53204,2_FFP_TGA.csv,10.5258/SOTON/D2004
FFP,747.221,0.5269,2_FFP_TGA.csv,10.5258/SOTON/D2004
FFP,748.221,0.52107,2_FFP_TGA.csv,10.5258/SOTON/D2004
FFP,749.221,0.51309,2_FFP_TGA.csv,10.5258/SOTON/D2004
FFP,750.221,0.49673,2_FFP_TGA.csv,10.5258/SOTON/D2004
FFP,751.221,0.51226,2_FFP_TGA.csv,10.5258/SOTON/D2004
FFP,752.221,0.51643,2_FFP_TGA.csv,10.5258/SOTON/D2004
FFP,753.221,0.51443,2_FFP_TGA.csv,10.5258/SOTON/D2004
FFP,754.221,0.49558,2_FFP_TGA.csv,10.5258/SOTON/D2004
FFP,755.221,0.49006,2_FFP_TGA.csv,10.5258/SOTON/D2004
FFP,756.221,0.48672,2_FFP_TGA.csv,10.5258/SOTON/D2004
FFP,757.221,0.4766,2_FFP_TGA.csv,10.5258/SOTON/D2004
FFP,758.221,0.46461,2_FFP_TGA.csv,10.5258/SOTON/D2004
FFP,759.221,0.48339,2_FFP_TGA.csv,10.5258/SOTON/D2004
FFP,760.221,0.48678,2_FFP_TGA.csv,10.5258/SOTON/D2004
FFP,761.221,0.47797,2_FFP_TGA.csv,10.5258/SOTON/D2004
FFP,762.221,0.46349,2_FFP_TGA.csv,10.5258/SOTON/D2004
FFP,763.221,0.45468,2_FFP_TGA.csv,10.5258/SOTON/D2004
FFP,764.221,0.45266,2_FFP_TGA.csv,10.5258/SOTON/D2004
FFP,765.221,0.44299,2_FFP_TGA.csv,10.5258/SOTON/D2004
FFP,766.221,0.44259,2_FFP_TGA.csv,10.5258/SOTON/D2004
FFP,767.221,0.43614,2_FFP_TGA.csv,10.5258/SOTON/D2004
FFP,768.221,0.41902,2_FFP_TGA.csv,10.5258/SOTON/D2004
FFP,769.221,0.42393,2_FFP_TGA.csv,10.5258/SOTON/D2004
FFP,770.221,0.42142,2_FFP_TGA.csv,10.5258/SOTON/D2004
FFP,771.221,0.42784,2_FFP_TGA.csv,10.5258/SOTON/D2004
FFP,772.221,0.42809,2_FFP_TGA.csv,10.5258/SOTON/D2004
FFP,773.221,0.42584,2_FFP_TGA.csv,10.5258/SOTON/D2004
FFP,774.221,0.41933,2_FFP_TGA.csv,10.5258/SOTON/D2004
FFP,775.221,0.41595,2_FFP_TGA.csv,10.5258/SOTON/D2004
FFP,776.221,0.41248,2_FFP_TGA.csv,10.5258/SOTON/D2004
FFP,777.221,0.3993,2_FFP_TGA.csv,10.5258/SOTON/D2004
FFP,778.221,0.38955,2_FFP_TGA.csv,10.5258/SOTON/D2004
FFP,779.221,0.38387,2_FFP_TGA.csv,10.5258/SOTON/D2004
FFP,780.221,0.37917,2_FFP_TGA.csv,10.5258/SOTON/D2004
FFP,781.221,0.37292,2_FFP_TGA.csv,10.5258/SOTON/D2004
FFP,782.221,0.37044,2_FFP_TGA.csv,10.5258/SOTON/D2004
FFP,783.221,0.36709,2_FFP_TGA.csv,10.5258/SOTON/D2004
FFP,784.221,0.34014,2_FFP_TGA.csv,10.5258/SOTON/D2004
FFP,785.221,0.33737,2_FFP_TGA.csv,10.5258/SOTON/D2004
FFP,786.221,0.34017,2_FFP_TGA.csv,10.5258/SOTON/D2004
FFP,787.221,0.33715,2_FFP_TGA.csv,10.5258/SOTON/D2004
FFP,788.221,0.33394,2_FFP_TGA.csv,10.5258/SOTON/D2004
FFP,789.221,0.3285,2_FFP_TGA.csv,10.5258/SOTON/D2004
FFP,790.221,0.32869,2_FFP_TGA.csv,10.5258/SOTON/D2004
FFP,791.221,0.32626,2_FFP_TGA.csv,10.5258/SOTON/D2004
FFP,792.221,0.31173,2_FFP_TGA.csv,10.5258/SOTON/D2004
FFP,793.221,0.29742,2_FFP_TGA.csv,10.5258/SOTON/D2004
FFP,794.221,0.28855,2_FFP_TGA.csv,10.5258/SOTON/D2004
FFP,795.221,0.28405,2_FFP_TGA.csv,10.5258/SOTON/D2004
FFP,796.221,0.27231,2_FFP_TGA.csv,10.5258/SOTON/D2004
FFP,797.221,0.25622,2_FFP_TGA.csv,10.5258/SOTON/D2004
FFP,798.221,0.25779,2_FFP_TGA.csv,10.5258/SOTON/D2004
FFP,799.221,0.26817,2_FFP_TGA.csv,10.5258/SOTON/D2004
FFP,800.221,0.26056,2_FFP_TGA.csv,10.5258/SOTON/D2004
FFP,801.221,0.2331,2_FFP_TGA.csv,10.5258/SOTON/D2004
FFP,802.221,0.24582,2_FFP_TGA.csv,10.5258/SOTON/D2004
FFP,803.221,0.25539,2_FFP_TGA.csv,10.5258/SOTON/D2004
FFP,804.221,0.23388,2_FFP_TGA.csv,10.5258/SOTON/D2004
FFP,805.221,0.24058,2_FFP_TGA.csv,10.5258/SOTON/D2004
FFP,806.221,0.24618,2_FFP_TGA.csv,10.5258/SOTON/D2004
FFP,807.221,0.23845,2_FFP_TGA.csv,10.5258/SOTON/D2004
FFP,808.221,0.2319,2_FFP_TGA.csv,10.5258/SOTON/D2004
FFP,809.221,0.22787,2_FFP_TGA.csv,10.5258/SOTON/D2004
FFP,810.221,0.22328,2_FFP_TGA.csv,10.5258/SOTON/D2004
FFP,811.221,0.21139,2_FFP_TGA.csv,10.5258/SOTON/D2004
FFP,812.221,0.20025,2_FFP_TGA.csv,10.5258/SOTON/D2004
FFP,813.221,0.17813,2_FFP_TGA.csv,10.5258/SOTON/D2004
FFP,814.221,0.19234,2_FFP_TGA.csv,10.5258/SOTON/D2004
FFP,815.221,0.20112,2_FFP_TGA.csv,10.5258/SOTON/D2004
FFP,816.221,0.19033,2_FFP_TGA.csv,10.5258/SOTON/D2004
FFP,817.221,0.1915,2_FFP_TGA.csv,10.5258/SOTON/D2004
FFP,818.221,0.1759,2_FFP_TGA.csv,10.5258/SOTON/D2004
FFP,819.221,0.17257,2_FFP_TGA.csv,10.5258/SOTON/D2004
FFP,820.221,0.17481,2_FFP_TGA.csv,10.5258/SOTON/D2004
FFP,821.221,0.17697,2_FFP_TGA.csv,10.5258/SOTON/D2004
FFP,822.221,0.16587,2_FFP_TGA.csv,10.5258/SOTON/D2004
FFP,823.221,0.17047,2_FFP_TGA.csv,10.5258/SOTON/D2004
FFP,824.221,0.16832,2_FFP_TGA.csv,10.5258/SOTON/D2004
FFP,825.221,0.15813,2_FFP_TGA.csv,10.5258/SOTON/D2004
FFP,826.221,0.15597,2_FFP_TGA.csv,10.5258/SOTON/D2004
FFP,827.221,0.15493,2_FFP_TGA.csv,10.5258/SOTON/D2004
FFP,828.221,0.14939,2_FFP_TGA.csv,10.5258/SOTON/D2004
FFP,829.221,0.14378,2_FFP_TGA.csv,10.5258/SOTON/D2004
FFP,830.221,0.14491,2_FFP_TGA.csv,10.5258/SOTON/D2004
FFP,831.221,0.13828,2_FFP_TGA.csv,10.5258/SOTON/D2004
FFP,832.221,0.13598,2_FFP_TGA.csv,10.5258/SOTON/D2004
FFP,833.221,0.12827,2_FFP_TGA.csv,10.5258/SOTON/D2004
FFP,834.221,0.12727,2_FFP_TGA.csv,10.5258/SOTON/D2004
FFP,835.221,0.10565,2_FFP_TGA.csv,10.5258/SOTON/D2004
FFP,836.221,0.10922,2_FFP_TGA.csv,10.5258/SOTON/D2004
FFP,837.221,0.13127,2_FFP_TGA.csv,10.5258/SOTON/D2004
FFP,838.221,0.12971,2_FFP_TGA.csv,10.5258/SOTON/D2004
FFP,839.221,0.12712,2_FFP_TGA.csv,10.5258/SOTON/D2004
FFP,840.221,0.11614,2_FFP_TGA.csv,10.5258/SOTON/D2004
FFP,841.221,0.10602,2_FFP_TGA.csv,10.5258/SOTON/D2004
FFP,842.221,0.09225,2_FFP_TGA.csv,10.5258/SOTON/D2004
FFP,843.221,0.08171,2_FFP_TGA.csv,10.5258/SOTON/D2004
FFP,844.221,0.08072,2_FFP_TGA.csv,10.5258/SOTON/D2004
FFP,845.221,0.06937,2_FFP_TGA.csv,10.5258/SOTON/D2004
FFP,846.221,0.04917,2_FFP_TGA.csv,10.5258/SOTON/D2004
FFP,847.221,0.03233,2_FFP_TGA.csv,10.5258/SOTON/D2004
FFP,848.221,0.02888,2_FFP_TGA.csv,10.5258/SOTON/D2004
FFP,849.221,0.01699,2_FFP_TGA.csv,10.5258/SOTON/D2004
FFP,850.221,-0.00309,2_FFP_TGA.csv,10.5258/SOTON/D2004
FFP,851.221,-0.01687,2_FFP_TGA.csv,10.5258/SOTON/D2004
FFP,852.221,-0.03121,2_FFP_TGA.csv,10.5258/SOTON/D2004
FFP,853.221,-0.04692,2_FFP_TGA.csv,10.5258/SOTON/D2004
FFP,854.221,-0.07564,2_FFP_TGA.csv,10.5258/SOTON/D2004
FFP,855.221,-0.09871,2_FFP_TGA.csv,10.5258/SOTON/D2004
FFP,856.221,-0.13636,2_FFP_TGA.csv,10.5258/SOTON/D2004
FFP,857.221,-0.15355,2_FFP_TGA.csv,10.5258/SOTON/D2004
FFP,858.221,-0.18062,2_FFP_TGA.csv,10.5258/SOTON/D2004
FFP,859.221,-0.2014,2_FFP_TGA.csv,10.5258/SOTON/D2004
FFP,860.221,-0.21897,2_FFP_TGA.csv,10.5258/SOTON/D2004
FFP,861.221,-0.2524,2_FFP_TGA.csv,10.5258/SOTON/D2004
FFP,862.221,-0.27411,2_FFP_TGA.csv,10.5258/SOTON/D2004
FFP,863.221,-0.2969,2_FFP_TGA.csv,10.5258/SOTON/D2004
FFP,864.221,-0.30746,2_FFP_TGA.csv,10.5258/SOTON/D2004
FFP,865.221,-0.34436,2_FFP_TGA.csv,10.5258/SOTON/D2004
FFP,866.221,-0.38635,2_FFP_TGA.csv,10.5258/SOTON/D2004
FFP,867.221,-0.37622,2_FFP_TGA.csv,10.5258/SOTON/D2004
FFP,868.221,-0.39613,2_FFP_TGA.csv,10.5258/SOTON/D2004
FFP,869.221,-0.42044,2_FFP_TGA.csv,10.5258/SOTON/D2004
FFP,870.221,-0.44688,2_FFP_TGA.csv,10.5258/SOTON/D2004
FFP,871.221,-0.47236,2_FFP_TGA.csv,10.5258/SOTON/D2004
FFP,872.221,-0.50941,2_FFP_TGA.csv,10.5258/SOTON/D2004
FFP,873.221,-0.52455,2_FFP_TGA.csv,10.5258/SOTON/D2004
FFP,874.221,-0.53916,2_FFP_TGA.csv,10.5258/SOTON/D2004
FFP,875.221,-0.57576,2_FFP_TGA.csv,10.5258/SOTON/D2004
FFP,876.221,-0.58102,2_FFP_TGA.csv,10.5258/SOTON/D2004
FFP,877.221,-0.56153,2_FFP_TGA.csv,10.5258/SOTON/D2004
FFP,878.221,-0.58273,2_FFP_TGA.csv,10.5258/SOTON/D2004
FFP,879.221,-0.60921,2_FFP_TGA.csv,10.5258/SOTON/D2004
FFP,880.221,-0.63527,2_FFP_TGA.csv,10.5258/SOTON/D2004
FFP,881.221,-0.65156,2_FFP_TGA.csv,10.5258/SOTON/D2004
FFP,882.221,-0.66689,2_FFP_TGA.csv,10.5258/SOTON/D2004
FFP,883.221,-0.67893,2_FFP_TGA.csv,10.5258/SOTON/D2004
FFP,884.221,-0.66753,2_FFP_TGA.csv,10.5258/SOTON/D2004
FFP,885.221,-0.6724,2_FFP_TGA.csv,10.5258/SOTON/D2004
FFP,886.221,-0.69247,2_FFP_TGA.csv,10.5258/SOTON/D2004
FFP,887.221,-0.71126,2_FFP_TGA.csv,10.5258/SOTON/D2004
FFP,888.221,-0.73458,2_FFP_TGA.csv,10.5258/SOTON/D2004
FFP,889.221,-0.73687,2_FFP_TGA.csv,10.5258/SOTON/D2004
FFP,890.221,-0.74961,2_FFP_TGA.csv,10.5258/SOTON/D2004
FFP,891.221,-0.75666,2_FFP_TGA.csv,10.5258/SOTON/D2004
FFP,892.221,-0.75686,2_FFP_TGA.csv,10.5258/SOTON/D2004
FFP,893.221,-0.75921,2_FFP_TGA.csv,10.5258/SOTON/D2004
FFP,894.221,-0.7676,2_FFP_TGA.csv,10.5258/SOTON/D2004
FFP,895.221,-0.78338,2_FFP_TGA.csv,10.5258/SOTON/D2004
FFP,896.221,-0.76974,2_FFP_TGA.csv,10.5258/SOTON/D2004
FFP,897.221,-0.77983,2_FFP_TGA.csv,10.5258/SOTON/D2004
FFP,898.221,-0.79316,2_FFP_TGA.csv,10.5258/SOTON/D2004
FFP,899.221,-0.79354,2_FFP_TGA.csv,10.5258/SOTON/D2004
